Aircraft,From,From
350 & 787,Edinburgh,1
773/773 (ex. CX),Frankfurt,1
777-300ER and A380,Melbourne,1
787,London Heathrow,1
787 & 350,Zanzibar,1
"787, A380",Birmingham,1
787/777,Edinburgh,1
=,Kigali,1
A 350,Doha,1
A 350,Los Angeles,1
A319 / A340 / A380,London Heathrow,1
A319 LR / Boeing 787-8,Yangon,1
A319LR,Doha,1
A320,Doha,7
A320,Sofia,3
A320,Al Maktoum International,1
A320,Athens,1
A320,Beirut,1
A320,Beirut Rafic Hariri International,1
A320,Brussels,1
A320,Entebbe,1
A320,Erbil,1
A320,Kiev,1
A320,Kochi,1
A320,Kuwait,1
A320,Munich,1
A320,Tunis,1
A320,Vienna,1
A320,Zanzibar,1
A320 / A321,Muscat,1
A320 / A330,Abu Dhabi,2
A320 / A330,Tbilisi,1
A320 / A330-300,Muscat,1
A320 / A333 / Boeing 777,Cochin,1
A320 / A380,Taif,1
A320 / B777-300er,Tehran,1
A320 / Boeing 777,Dubai,1
A320 / Boeing 777,Taif,1
A320 / Boeing 777,Warsaw Chopin Airport,1
A320 / Boeing 777-300,Abu Dhabi,1
A320 / Boeing 777-300,Athens,1
A320 / Boeing 777-300ER,Dubai,1
A320 / Boeing 777-300ER,Zagreb,1
A320 / Boeing 787,Abu Dhabi,1
A320 / Boeing 787,Athens,1
A320 / Boeing 787,Borg El Arab International,1
A320 / Boeing 787,Bucharest,1
A320 / Boeing 787,Taif,1
A320 200,Baku,1
A320 and A350-900,Salalah,1
A320 and Boeing 777,Athens,1
A320 and Boeing 777,Zagreb,1
"A320, A349",Warsaw Chopin Airport,1
A320-100/200,Zagreb,1
A320-200 / A350-900,Vienna,1
A320-232,Belgrade,1
A320/200 & A350,Athens,1
A320/321 and Boeing 777-300ER,Zagreb,1
A320/A350,Warsaw Chopin Airport,1
A321,Amritsar,1
A321,Doha,1
A321,Kuwait,1
A321 / A332,Dubai,1
A321 / A350-1000,Sofia,1
A321 / A380 / Boeing 777-200,Dubai,1
A321 / Boeing 777-300ER,Budapest Ferenc Liszt International,1
A321 and A320,Jomo Kenyatta International,1
A321/A380,Belgrade,1
A330,Doha,7
A330,Athens,2
A330,Ho Chi Minh City,2
A330,Algiers,1
A330,Bangkok,1
A330,Clark,1
A330,Colombo,1
A330,Kigali,1
A330,Krabi,1
A330,Kuala Lumpur,1
A330,Milan Malpensa Airport,1
A330,Moscow,1
A330,Muscat,1
A330,Nairobi,1
A330,Philadelphia,1
A330,Queen Alia International,1
A330,Singapore,1
A330,São Paulo,1
A330,Tan Son Nhat International,1
A330,Venice,1
A330,Venice Marco Polo,1
A330 + Boeing 787-800,Ho Chi Minh City,1
A330 / A 380,Berlin,1
A330 / A321 / Boeing 787,Manchester,1
A330 / A350,Berlin,1
A330 / A350,Kuwait,1
A330 / A350 / Boeing 787,London Heathrow,1
A330 / A350 /A380 / A321,Istanbul,1
A330 / A380,Manchester,3
A330 / A380,Amsterdam,1
A330 / A380 / A350,Paris,1
A330 / A380 / B773,Barcelona,1
A330 / Boeing 777,Berlin,1
A330 / Boeing 777,Kuala Lumpur,1
A330 / Boeing 777,Manchester,1
A330 / Boeing 777,Tribhuvan International,1
A330 / Boeing 777 / 787,Manchester,1
A330 / Boeing 777-300ER,Athens,1
A330 / Boeing 777-300ER,Berlin,1
A330 / Boeing 787,Istanbul,1
A330 / Boeing 787,Kuala Lumpur,1
A330 / Boeing 787,London,1
A330 / Boeing 787,Milan Malpensa Airport,1
"A330, A320",Berlin,1
"A330, A380",Athens,1
"A330, A380",Manchester,1
"A330, A380",Venice,1
A330-200,Doha,4
A330-200,Hong Kong,2
A330-200,Bandaranaike International,1
A330-200,Mahé,1
A330-200,Maputo,1
A330-200 & B772LR,Kuala Lumpur,1
A330-200 / A330-300,Venice,1
A330-200 / A340-600,Manchester,1
A330-200 / A340-600,Penang,1
A330-200 / A380,Venice,1
A330-200 / A380-800,Cairo,1
A330-200 / A380-800,Kansai International,1
A330-200 / Boeing  777-300ER,Perth,1
A330-200 / Boeing 787,Phuket,1
A330-200 / Boeing 787-8,Milan,1
A330-200 and Boeing 777-300ER,Barcelona,1
"A330-200, A380",Venice,1
"A330-200, B777ER",Kigali,1
"A330-200, Boeing 787 Dreamliner",Phuket,1
A330-300,Doha,2
A330-300,Dubai,2
A330-300,Athens,1
A330-300,Clark,1
A330-300,Denpasar,1
A330-300,Entebbe,1
A330-300,Kuala Lumpur,1
A330-300,Madrid,1
A330-300,Manchester,1
A330-300,Milan,1
A330-300,New York,1
A330-300,Phnom Penh,1
A330-300 /  Boeing 777-200Lr,Kathmandu,1
A330-300 /  Boeing B777-300ER,Kuwait,1
A330-300 / A320-200,Dubai,1
A330-300 / B787-8,Islamabad,1
A330-300 / Boeing 787-8,Berlin,1
A330-300 / Boeing 787-8,Milan,1
A330-300 A380-800,Athens,1
A330-300 and B777-300,Milan,1
A330-300 and Boeing 777-300ER,Chennai,1
A333,Chennai,1
A333/A350,Istanbul,1
A33o / A380,Tan Son Nhat International,1
A340,Colombo,1
A340,Denpasar,1
A340,Kuala Lumpur,1
A340,Sarajevo,1
A340 / A380,Colombo,1
A340-300,Charles de Gaulle Airport,1
A340-600,Doha,2
A340-600 / 330-200 / Boeing 787,Bandaranaike International,1
A340-600 / Boeing 787-8,Kuala Lumpur,1
A340-600 / Boeing 787-800,Ho Chi Minh City,1
A340-600 and A330-200,London,1
A343,Doha,1
A346 & A388,Kuala Lumpur,1
A346 / A350 / Boeing 777,Bandaranaike International,1
A350,Doha,15
A350,Singapore,6
A350,Frankfurt,4
A350,Manchester,4
A350,Singapore Changi Airport,3
A350,Adelaide,2
A350,Auckland,2
A350,Dallas/Fort Worth,2
A350,Edinburgh,2
A350,John F. Kennedy,2
A350,Miami,2
A350,Philadelphia,2
A350,Zurich,2
A350,Abu Dhabi,1
A350,Amman,1
A350,Beirut,1
A350,Boston,1
A350,Bucharest,1
A350,Colombo,1
A350,Dallas,1
A350,Dhaka,1
A350,Dubai,1
A350,Hyderabad,1
A350,John F. Kennedy International,1
A350,Kochi,1
A350,Kuala Lumpur,1
A350,London,1
A350,Los Angeles,1
A350,Madrid,1
A350,Melbourne,1
A350,Montreal,1
A350,Munich,1
A350,Muscat,1
A350,New York,1
A350,Oslo,1
A350,Paris,1
A350,Perth,1
A350,Rome,1
A350,Sofia,1
A350,Sydney,1
A350,Tehran,1
A350,Tunis,1
A350,Washington,1
A350 /  A330-300,Barcelona,1
A350 /  Boeing 777,Barcelona,1
A350 / A321,Dubai,1
A350 / A321 / A380,London,1
A350 / A330,Abu Dhabi,1
A350 / A330,Adelaide,1
A350 / A330-200,Singapore,1
A350 / A340,Munich,1
A350 / A380,Adelaide,1
A350 / A380,Frankfurt,1
A350 / A380,Munich,1
A350 / B787-9,Singapore,1
A350 / Boeing 777,Milan,2
A350 / Boeing 777,Adelaide,1
A350 / Boeing 777,Chicago,1
A350 / Boeing 777,Frankfurt,1
A350 / Boeing 777,Montreal,1
A350 / Boeing 777,Singapore Changi Airport,1
A350 / Boeing 777,Vienna,1
A350 / Boeing 777-300,Helsinki Airport,1
A350 / Boeing 777-300,Munich,1
A350 / Boeing 777-300ER,Singapore Changi Airport,1
A350 / Boeing 7777,Zurich,1
A350 / Boeing 787,Singapore Changi Airport,2
A350 / Boeing 787,Adelaide,1
A350 / Boeing 787,Athens,1
A350 / Boeing 787,Frankfurt,1
A350 / Boeing 787,Hong Kong,1
A350 / Boeing 787,Maputo,1
A350 / Boeing 787,Melbourne,1
A350 / Boeing 787,Riyadh,1
A350 / Boeing 787,Washington,1
A350 / Boeing 787,Zurich,1
A350 / Boeing 787 / 777-300ER,Frankfurt,1
A350 / Boeing 787-9,Zurich,1
A350 / Boeing 789,Singapore,1
A350 900 / 1000,Adelaide,1
A350 XWB,Doha,1
A350 and Boeing 787,Dubai,1
A350-100 / A330 / Boeing 777-200,Dallas/Fort Worth,1
A350-1000,Doha,4
A350-1000,Singapore,3
A350-1000,Chicago,2
A350-1000,Dubai,2
A350-1000,Melbourne,2
A350-1000,Beirut,1
A350-1000,Cairo,1
A350-1000,Dallas/Fort Worth,1
A350-1000,Denpasar,1
A350-1000,Dhaka,1
A350-1000,Dublin,1
A350-1000,Kuwait,1
A350-1000,London Heathrow,1
A350-1000,New Delhi,1
A350-1000,San Francisco,1
A350-1000,Stockholm,1
A350-1000 / A350-900,Los Angeles,1
A350-1000 / Boeing 777-300ER,San Francisco,1
A350-1000 / Boeing 777-300ER,Stockholm,1
A350-900,Doha,9
A350-900,Boston,3
A350-900,Johannesburg,3
A350-900,John F. Kennedy,2
A350-900,Milan,2
A350-900,Paris,2
A350-900,Philadelphia,2
A350-900,Adelaide,1
A350-900,Copenhagen,1
A350-900,Dallas/Fort Worth,1
A350-900,Dhaka,1
A350-900,Dubai,1
A350-900,Heydar Aliyev International,1
A350-900,London,1
A350-900,London Heathrow,1
A350-900,McCarran International,1
A350-900,Miami,1
A350-900,Montreal,1
A350-900,Munich,1
A350-900,New York,1
A350-900,Singapore,1
A350-900,Vienna,1
A350-900 & Boeing 787-8 Dreamliner,Chengdu,1
A350-900 - Boeing 777-300 ER,Milan,1
A350-900 / A330,King Khalid International,1
A350-900 / A330-300,Bangkok,1
A350-900 / A350-1000,Kuala Lumpur,1
A350-900 / A350-1000,Singapore,1
A350-900 / A350-1000,Warsaw,1
A350-900 / A380,Brisbane,1
A350-900 / A380,Paris,1
A350-900 / Boeing 777-300,Zurich,1
A350-900 / Boeing 777-300ER,Nice,1
A350-900 / Boeing 787,Hong Kong,1
A350-900 / Boeing 787,Philadelphia,1
A350-900 / Boeing 787-8,Manchester,1
A350-900 / Boeing 787-8,Milan,1
A350-900 / Boing 777-300,Copenhagen,1
A350-900/1000,Oslo,1
A350-900/1000,Spain,1
A350-900Q,Riyadh,1
A350/Boeing 787,John F. Kennedy,1
A3500-900,Rome,1
A351 & Boeing 77W,London Heathrow,1
A359 / A320,Cape Town,1
A359 / A332,Stockholm,1
A359 / A380-800,Edinburgh,1
A380,Doha,21
A380,Bangkok,14
A380,London Heathrow,14
A380,Sydney,12
A380,London,11
A380,Melbourne,6
A380,Paris,4
A380,Perth,4
A380,Charles de Gaulle Airport,2
A380,Abu Dhabi,1
A380,Amman,1
A380,Ankara,1
A380,Bucharest,1
A380,Budapest Ferenc Liszt International,1
A380,Dublin,1
A380,Edinburgh,1
A380,Frankfurt,1
A380,Kuala Lumpur,1
A380,Leonardo da Vinci-Fiumicino Airport,1
A380,Sharjah,1
A380 & Boeing 777-300ER,Charles de Gaulle,1
A380 / 777-300ER / A350,London,1
A380 / A320,London Heathrow,2
A380 / A321 / A330,Melbourne,1
A380 / A330,London,2
A380 / A330,Sydney,1
A380 / A330 / A321,Bangkok,1
A380 / A330 / B777,Warsaw,1
A380 / A330-200,Bangkok,1
A380 / A330-300,Perth,1
A380 / A350,London Heathrow,2
A380 / A350,Perth,1
A380 / A350 / Boeing 777,London Heathrow,1
A380 / A350 / Boeing 777-300ER,Bangkok,1
A380 / A350 / Boeing 787,Melbourne,1
A380 / A350-900,Bangkok,1
A380 / Boeing 772,Bangkok,1
A380 / Boeing 777,Charles de Gaulle Airport,1
A380 / Boeing 777,London Heathrow,1
A380 / Boeing 777,Melbourne,1
A380 / Boeing 777,Munich,1
A380 / Boeing 777,Rome,1
A380 / Boeing 777,Singapore Changi Airport,1
A380 / Boeing 777,Sydney,1
A380 / Boeing 777 / 787,London Heathrow,1
A380 / Boeing 777 / 787-9,Sydney,1
A380 / Boeing 777 / A321,London,1
A380 / Boeing 777-300,London,1
A380 / Boeing 777-300,London Heathrow,1
A380 / Boeing 777-300ER,London,1
A380 / Boeing 787,Bangkok,4
A380 / Boeing 787,Hanoi,1
A380 / Boeing 787,London,1
A380 / Boeing 787,London Heathrow,1
A380 / Boeing 787,Perth,1
A380 / Boeing 787,Sydney,1
A380 / Boeing 787 / 777,Bangkok,1
A380 / Boeing 787-8,Bangkok,2
A380 / Boeing 789,Bangkok,1
A380 /787/A330,Sydney,1
A380 A350,Krabi,1
A380 QR905 9feb,Melbourne,1
A380 and 777,Paris,1
A380 and 777-300,Manchester,1
A380 and A330,London,1
A380 and A332,Bangkok,1
A380 and A350,Perth,1
A380 and B787,Oslo,1
A380 and Boeing 787,Bangkok,1
"A380, A320",Abu Dhabi,1
"A380, A320",Bangkok,1
"A380, Boeing 78, Boeing 777",Bangkok,1
A380-800,Doha,3
A380-800,Melbourne,3
A380-800,Bangkok,2
A380-800,Charles de Gaulle,1
A380-800,London,1
A380-800,London Heathrow,1
A380-800,Perth,1
A380-800 / A330,London Heathrow,1
A380-800 / A340-600,London,1
A380-800 / Boeing 777-300,London,1
A380/A350,Sydney,1
A380/B788,Bangkok,1
A380/Boeing 787-8,Bangkok,1
A388/A350/B788,London,1
Airbus 330-200 / Boeing 777-300,Budapest,1
Airbus 380,Doha,1
Airbus 380,Zvartnots,1
Airbus A380,London,1
Airbus A380,Melbourne,1
Airbus A380-800,Sydney,1
B777,Dallas,1
B777,Doha,1
B777-200; A380; B787,Noi Bai International,1
B777-300,Doha,1
B777-300 and A350-900,Johannesburg,1
B777-300ER,Doha,1
B777-300ER,Dulles,1
B777-300ER,Phuket,1
B777-300ER/A320,Denpasar,1
B787,O. R. Tambo International,1
B787,Singapore,1
"B787, A350",Brussels,1
"B787, A380, B770-300",Copenhagen,1
"B787, B77W",Zurich,1
B7oeing 77-200LR,Doha,1
Belong 787 / 777,Dublin,1
Beoing 787 / A330 / A380,Oslo,1
Boeing,Doha,1
Boeing  787 / A330,Soekarno-Hatta International,1
Boeing / 777-300ER / A330 / A350,Manchester,1
Boeing 700-333,Johannesburg,1
Boeing 737-8MAX,Doha,1
Boeing 738 max / B773 ER,Abu Dhabi,1
"Boeing 772LR, A332",Philadelphia,1
Boeing 773,Bangkok,1
Boeing 773 / A380,Frankfurt,1
Boeing 773-ER / 787-8 / A330-300,Frankfurt,1
Boeing 773ER,Berlin,1
Boeing 773ER / 738 Max,Bangkok,1
Boeing 773ER and A333,Kuala Lumpur,1
Boeing 777,Doha,27
Boeing 777,Bangkok,6
Boeing 777,Manchester,5
Boeing 777,London,4
Boeing 777,Chicago,3
Boeing 777,Hong Kong,3
Boeing 777,Kuala Lumpur,3
Boeing 777,Colombo,2
Boeing 777,Frankfurt,2
Boeing 777,Johannesburg,2
Boeing 777,John F. Kennedy International,2
Boeing 777,London Heathrow,2
Boeing 777,Los Angeles,2
Boeing 777,Manila,2
Boeing 777,Montreal,2
Boeing 777,Perth,2
Boeing 777,Riyadh,2
Boeing 777,Seattle,2
Boeing 777,Sydney,2
Boeing 777,Washington,2
Boeing 777,Adelaide,1
Boeing 777,Amsterdam,1
Boeing 777,Auckland,1
Boeing 777,Bali,1
Boeing 777,Bandaranaike International,1
Boeing 777,Beirut,1
Boeing 777,Brisbane,1
Boeing 777,Cape Town,1
Boeing 777,Chhatrapati Shivaji Maharaj International,1
Boeing 777,Cochin,1
Boeing 777,Dallas,1
Boeing 777,Dubai,1
Boeing 777,Istanbul,1
Boeing 777,Kempegowda International,1
Boeing 777,Male,1
Boeing 777,Melbourne,1
Boeing 777,Mumbai,1
Boeing 777,Munich,1
Boeing 777,New York,1
Boeing 777,Noi Bai International,1
Boeing 777,O. R. Tambo International,1
Boeing 777,Penang,1
Boeing 777,Shanghai Pudong International,1
Boeing 777,Tan Son Nhat International,1
Boeing 777,Tokyo,1
Boeing 777 / 787,Bangkok,1
Boeing 777 / 787,Dallas,1
Boeing 777 / 787,Dallas/Fort Worth International,1
Boeing 777 / 787,Hong Kong,1
Boeing 777 / 787,Johannesburg,1
Boeing 777 / 787,Madrid,1
Boeing 777 / 787,Narita International,1
Boeing 777 / 787,O'Hare International,1
Boeing 777 / 787,Perth,1
Boeing 777 / 787,Phuket,1
Boeing 777 / 787,Shanghai,1
Boeing 777 / 787 / A320,Madrid,1
Boeing 777 / 787 / A340,London Heathrow,1
Boeing 777 / 787 / A350,Bangkok,1
Boeing 777 / 787 / A380,Dallas/Fort Worth International,1
Boeing 777 / 787-9,Munich,1
Boeing 777 / 787/ A380,Sydney,1
Boeing 777 / A 350-900,Bangalore,1
Boeing 777 / A320,Cape Town,1
Boeing 777 / A330,London Gatwick,1
Boeing 777 / A330,London Heathrow,1
Boeing 777 / A330,Montreal,1
Boeing 777 / A330 / A380,London Heathrow,1
Boeing 777 / A350,Bangalore,1
Boeing 777 / A350,Hyderabad,1
Boeing 777 / A350,Kuwait,1
Boeing 777 / A350,London,1
Boeing 777 / A350,São Paulo/Guarulhos International,1
Boeing 777 / A350 / A330,Bangkok,1
Boeing 777 / A380,Frankfurt,2
Boeing 777 / A380,Amsterdam,1
Boeing 777 / A380,Hanoi,1
Boeing 777 / A380,King Abdulaziz International,1
Boeing 777 / A380,Narita International,1
Boeing 777 / A380,Perth,1
Boeing 777 / A380 / 350,Frankfurt,1
Boeing 777 / Boeing 787,Bangkok,1
Boeing 777 300ER,Amsterdam,1
Boeing 777 ER,Manila,1
Boeing 777 ER,Miami,1
Boeing 777 Suites,Canberra,1
Boeing 777 and A330,Manchester,1
Boeing 777 and A350,Bangkok,1
"Boeing 777, 787 / A380",Noi Bai International,1
"Boeing 777, Boeing 787",Bangkok,1
Boeing 777-200,São Paulo/Guarulhos International,2
Boeing 777-200,Auckland,1
Boeing 777-200,Manchester,1
Boeing 777-200,Maputo,1
Boeing 777-200 / A320,Hartsfield-Jackson Atlanta International,1
Boeing 777-200 / A330-200,Perth,1
Boeing 777-200 / A380,Philadelphia,1
Boeing 777-200 LR,Manila,1
Boeing 777-200/300 /  A380,London,1
Boeing 777-200ER,Dallas/Fort Worth,1
Boeing 777-200ER,Philadelphia,1
Boeing 777-200LR,Doha,5
Boeing 777-200LR,Los Angeles,5
Boeing 777-200LR,Auckland,2
Boeing 777-200LR,Chhatrapati Shivaji Maharaj International,1
Boeing 777-200LR,George Bush Intercontinental,1
Boeing 777-200LR,Kuala Lumpur,1
Boeing 777-200LR,London,1
Boeing 777-200LR,São Paulo/Guarulhos International,1
Boeing 777-200LR / 777-300ER,Bangalore,1
Boeing 777-200LR / A350-900,Auckland,1
Boeing 777-200LR / A350-900,Kuwait,1
Boeing 777-200LR / A380,Islamabad,1
"Boeing 777-200LR, Boeing 777-300ER",São Paulo/Guarulhos International,1
Boeing 777-200lr,Jinnah International,1
Boeing 777-300,Doha,15
Boeing 777-300,Amsterdam,3
Boeing 777-300,Johannesburg,2
Boeing 777-300,London Heathrow,2
Boeing 777-300,Manila,2
Boeing 777-300,Mumbai,2
Boeing 777-300,Phuket,2
Boeing 777-300,Ahmedabad,1
Boeing 777-300,Amsterdam Airport Schiphol,1
Boeing 777-300,Atlanta,1
Boeing 777-300,Bangkok,1
Boeing 777-300,Canberra,1
Boeing 777-300,Cape Town,1
Boeing 777-300,Chicago,1
Boeing 777-300,Copenhagen,1
Boeing 777-300,Delhi,1
Boeing 777-300,Denpasar,1
Boeing 777-300,Dubai,1
Boeing 777-300,Dulles,1
Boeing 777-300,Hong Kong,1
Boeing 777-300,John F. Kennedy,1
Boeing 777-300,Kuwait,1
Boeing 777-300,London,1
Boeing 777-300,Manchester,1
Boeing 777-300,Paris,1
Boeing 777-300,Perth,1
Boeing 777-300,Singapore,1
Boeing 777-300,Sydney,1
Boeing 777-300,São Paulo/Guarulhos International,1
"Boeing 777-300 / 777-200 / 787-8 & A380, -8",Noi Bai International,1
Boeing 777-300 / 787,Hong Kong,1
Boeing 777-300 / 787,London Heathrow,1
Boeing 777-300 / 787-8,Bangkok,1
Boeing 777-300 / 787-8,Boston,1
Boeing 777-300 / A320,Abu Dhabi,1
Boeing 777-300 / A320,Manila,1
Boeing 777-300 / A320,Noi Bai International,1
Boeing 777-300 / A320-232,Manchester,1
Boeing 777-300 / A330,Cairo,1
Boeing 777-300 / A330 / A321,Melbourne,1
Boeing 777-300 / A380,Frankfurt,1
Boeing 777-300 / A380,Perth,1
Boeing 777-300 / Boeing 787,Bangkok,1
Boeing 777-300 / Boeing 787,Perth,1
Boeing 777-300 /B787-8,Montreal,1
Boeing 777-300 ER,Doha,3
Boeing 777-300 ER,Melbourne,2
Boeing 777-300 ER,Dubai,1
Boeing 777-300 ER,John F. Kennedy,1
Boeing 777-300 ER,London Heathrow,1
Boeing 777-300 ER,Philadelphia,1
Boeing 777-300 ER,Zurich,1
Boeing 777-300 ER / A350-900,Bangkok,1
Boeing 777-300 ER / A350-900 / Boeing 787-9,Washington,1
Boeing 777-300 and Boeing 787-8,Doha,1
Boeing 777-300 er,Istanbul,1
"Boeing 777-300, A380, Boeing 787",Noi Bai International,1
"Boeing 777-300, Boeing 777-300",Bangalore,1
"Boeing 777-300, Boeing 787",Brisbane,1
"Boeing 777-300, Boeing 787",Chicago,1
Boeing 777-300ER,Doha,22
Boeing 777-300ER,Bangkok,7
Boeing 777-300ER,London,4
Boeing 777-300ER,Chicago,3
Boeing 777-300ER,Copenhagen,3
Boeing 777-300ER,Denpasar,3
Boeing 777-300ER,Islamabad,3
Boeing 777-300ER,Manila,3
Boeing 777-300ER,Mumbai,3
Boeing 777-300ER,Washington,3
Boeing 777-300ER,Zurich,3
Boeing 777-300ER,Brisbane,2
Boeing 777-300ER,Hong Kong,2
Boeing 777-300ER,New York,2
Boeing 777-300ER,Philadelphia,2
Boeing 777-300ER,Abu Dhabi,1
Boeing 777-300ER,Ankara,1
Boeing 777-300ER,Atlanta,1
Boeing 777-300ER,Beirut,1
Boeing 777-300ER,Berlin,1
Boeing 777-300ER,Brussels,1
Boeing 777-300ER,Charles de Gaulle Airport,1
Boeing 777-300ER,Dallas/Fort Worth,1
Boeing 777-300ER,Dammam,1
Boeing 777-300ER,Dulles,1
Boeing 777-300ER,Hanoi,1
Boeing 777-300ER,Houston,1
Boeing 777-300ER,Jakarta,1
Boeing 777-300ER,Johannesburg,1
Boeing 777-300ER,Karachi,1
Boeing 777-300ER,Kochi,1
Boeing 777-300ER,Kuala Lumpur,1
Boeing 777-300ER,London Heathrow,1
Boeing 777-300ER,Munich,1
Boeing 777-300ER,Paris,1
Boeing 777-300ER,Phuket,1
Boeing 777-300ER,Shanghai Pudong International,1
Boeing 777-300ER,Stockholm,1
Boeing 777-300ER,Venice Marco Polo,1
Boeing 777-300ER,Zagreb,1
Boeing 777-300ER / 787,Denpasar,1
Boeing 777-300ER / 787,Shanghai Pudong International,1
Boeing 777-300ER / 787-8,Manila,1
Boeing 777-300ER / 787-8,Singapore,1
Boeing 777-300ER / 787-8 / A330,Bangkok,1
Boeing 777-300ER / A320,Frankfurt,1
Boeing 777-300ER / A330 / 320 / 350,London,1
Boeing 777-300ER / A330-200,Incheon,1
Boeing 777-300ER / A330-300,London,1
Boeing 777-300ER / A330-300,Manchester,1
Boeing 777-300ER / A350,Atlanta,1
Boeing 777-300ER / A350,Bangkok,1
Boeing 777-300ER / A350,Melbourne,1
Boeing 777-300ER / A350-900,Bangkok,1
Boeing 777-300ER / A350-900,Frankfurt,1
Boeing 777-300ER / A350-900,Hong Kong,1
Boeing 777-300ER / A350-900 / B787-8,Bangkok,1
Boeing 777-300ER / A380,Manila,1
Boeing 777-300ER /A350-900,Sydney,1
Boeing 777-300ER and A320,Frankfurt,1
Boeing 777-300ER and A320,Sydney,1
Boeing 777-300ER and A350,Washington Dulles International,1
"Boeing 777-300ER, A320",London Heathrow,1
"Boeing 777-300ER, A321",Hong Kong,1
"Boeing 777-300ER, A321",Kyiv,1
"Boeing 777-300ER, A350-900, Boeing 787-8",Bangkok,1
"Boeing 777-300ER, A380",London Heathrow,1
Boeing 777-300LR,Kigali,1
Boeing 777-300R,London Heathrow,1
Boeing 777-300er,Dubai,1
Boeing 777-300er,Manchester,1
Boeing 777-330er / A380-800,Tehran,1
Boeing 777-3DZ(ER),Denpasar,1
Boeing 777-3ER,London,1
Boeing 777-ER / A330-300,Cape Town,1
Boeing 777-LR,Doha,1
Boeing 7777-300ER / A330,Muscat,1
Boeing 777ER,Doha,1
Boeing 777ER,Frankfurt,1
Boeing 777ER / 787/ A350-100,London,1
Boeing 777er / A350-900,Perth,1
Boeing 787,Doha,13
Boeing 787,Edinburgh,5
Boeing 787,Bangkok,4
Boeing 787,Brussels,4
Boeing 787,O. R. Tambo International,4
Boeing 787,Cape Town,3
Boeing 787,Copenhagen,3
Boeing 787,Munich,3
Boeing 787,Stockholm Arlanda,3
Boeing 787,Barcelona,2
Boeing 787,Birmingham,2
Boeing 787,Geneva,2
Boeing 787,Jakarta,2
Boeing 787,Manchester,2
Boeing 787,Oslo,2
Boeing 787,Rome,2
Boeing 787,Zurich,2
Boeing 787,Al Maktoum International,1
Boeing 787,Amsterdam Airport Schiphol,1
Boeing 787,Athens,1
Boeing 787,Bandaranaike International,1
Boeing 787,Beirut,1
Boeing 787,Berlin,1
Boeing 787,Bucharest,1
Boeing 787,Cardiff,1
Boeing 787,Cebu,1
Boeing 787,Clark,1
Boeing 787,Dubai,1
Boeing 787,Dublin,1
Boeing 787,Durban,1
Boeing 787,Helsinki,1
Boeing 787,Johannesburg,1
Boeing 787,Karachi,1
Boeing 787,Kuala Lumpur,1
Boeing 787,Kuwait,1
Boeing 787,London,1
Boeing 787,Madrid,1
Boeing 787,Maputo,1
Boeing 787,Marrakech,1
Boeing 787,Milan,1
Boeing 787,Mumbai,1
Boeing 787,New Delhi,1
Boeing 787,Perth,1
Boeing 787,Phuket,1
Boeing 787,Prague,1
Boeing 787,Singapore,1
Boeing 787,Singapore Changi Airport,1
Boeing 787,Tbilisi,1
Boeing 787,Vienna,1
Boeing 787 /  777-300,Edinburgh,1
Boeing 787 /  A380,Brussels,1
Boeing 787 / 777,Cape Town,2
Boeing 787 / 777,Birmingham,1
Boeing 787 / 777,Brussels,1
Boeing 787 / 777,Edinburgh,1
Boeing 787 / 777,Frankfurt,1
Boeing 787 / 777,Jinnah International,1
Boeing 787 / 777,Madrid,1
Boeing 787 / 777,Manchester,1
Boeing 787 / 777,Milan,1
Boeing 787 / 777,Phuket,1
Boeing 787 / 777,Stockholm,1
Boeing 787 / 777,Stockholm Arlanda,1
Boeing 787 / 777,Tunis,1
Boeing 787 / 777 / A380,Amsterdam Airport Schiphol,1
Boeing 787 / 777-300,Birmingham,1
Boeing 787 / 777-300,Stockholm Arlanda,1
Boeing 787 / 777-300ER,Amsterdam Airport Schiphol,1
Boeing 787 / A320,Cape Town,1
Boeing 787 / A320,Heydar Aliyev International,1
Boeing 787 / A320,Johannesburg,1
Boeing 787 / A321,Manchester,1
Boeing 787 / A330,Manchester,2
Boeing 787 / A330,Copenhagen,1
Boeing 787 / A330,Maputo,1
Boeing 787 / A330,O. R. Tambo International,1
Boeing 787 / A330 / A320,Edinburgh,1
Boeing 787 / A330-200,Amsterdam Airport Schiphol,1
Boeing 787 / A330-200,Tokyo,1
Boeing 787 / A340 / A380,London Heathrow,1
Boeing 787 / A350,Copenhagen,2
Boeing 787 / A350,Doha,1
Boeing 787 / A350,London Gatwick,1
Boeing 787 / A350,New Delhi,1
Boeing 787 / A350,Singapore Changi Airport,1
Boeing 787 / A350,Stockholm,1
Boeing 787 / A350-900,Clark,1
Boeing 787 / A380,Amsterdam Airport Schiphol,2
Boeing 787 / A380,Cape Town,2
Boeing 787 / A380,London Heathrow,2
Boeing 787 / A380,Auckland,1
Boeing 787 / A380,Delhi,1
Boeing 787 / A380,Dublin,1
Boeing 787 / A380,Edinburgh,1
Boeing 787 / A380,Haneda Airport,1
Boeing 787 / A380,Madrid,1
Boeing 787 / A380,Oslo,1
Boeing 787 / A380,Stockholm Arlanda,1
Boeing 787 / AB332,Warsaw,1
Boeing 787 / B777-300ER,Edinburgh,1
Boeing 787 / Boeing 777,Oslo,1
Boeing 787 / Boeing 777,Singapore,1
Boeing 787 / Boeing 777,Singapore Changi Airport,1
Boeing 787 and A330-200,London Heathrow,1
Boeing 787 and A350,Singapore,1
Boeing 787 and Boeing 777,Amsterdam,1
Boeing 787 then A380,London,1
"Boeing 787, A330/200",Hong Kong,1
"Boeing 787, A380",Manchester,1
"Boeing 787, Boeing 777",O. R. Tambo International,1
"Boeing 787, Boeing 777-300ER",Copenhagen,2
Boeing 787-8,Doha,8
Boeing 787-8,Stockholm,3
Boeing 787-8,Bangkok,2
Boeing 787-8,Copenhagen,2
Boeing 787-8,Edinburgh,2
Boeing 787-8,Jakarta,2
Boeing 787-8,Kigali,2
Boeing 787-8,Munich,2
Boeing 787-8,Vienna,2
Boeing 787-8,Barcelona,1
Boeing 787-8,Dubai,1
Boeing 787-8,Düsseldorf,1
Boeing 787-8,Hong Kong,1
Boeing 787-8,Johannesburg,1
Boeing 787-8,Kolkata,1
Boeing 787-8,London,1
Boeing 787-8,Manchester,1
Boeing 787-8,New Delhi,1
Boeing 787-8,Penang,1
Boeing 787-8,Zurich,1
Boeing 787-8 & A380,Jakarta,1
Boeing 787-8 /  A330,Copenhagen,1
Boeing 787-8 / 777-300,London Gatwick,1
Boeing 787-8 / 777-300ER,Copenhagen,1
Boeing 787-8 / 777-300ER,Kuala Lumpur,1
Boeing 787-8 / 777-300ER,Oslo,1
Boeing 787-8 / 777-300ER,Stockholm Arlanda,1
Boeing 787-8 / A321,Manchester,1
Boeing 787-8 / A330,Copenhagen,1
Boeing 787-8 / A330-300,O. R. Tambo International,1
Boeing 787-8 / A330-300,Prague,1
Boeing 787-8 / A350,Brussels,1
Boeing 787-8 / A350,Johannesburg,1
Boeing 787-8 / A359,Athens,1
Boeing 787-8 / A380,Copenhagen,1
Boeing 787-8 / A380-800,Birmingham,1
Boeing 787-8 / A380-900,Manchester,1
Boeing 787-8 / B777-300ER,Copenhagen,1
Boeing 787-8 / Boeing 777-300er,Ho Chi Minh City,1
Boeing 787-8 /777-300ER,Stockholm,1
Boeing 787-8 Dreamliner and A350-900,Stockholm Arlanda,1
Boeing 787-8 and Boeing 777-300ER,Brussels,1
Boeing 787-800,Doha,2
Boeing 787-800,Cape Town,1
Boeing 787-800,Copenhagen,1
Boeing 787-800/777-300,Kolkata,1
Boeing 787-9,Doha,4
Boeing 787-9,Bangkok,1
Boeing 787-9,Copenhagen,1
Boeing 787-9,Ho Chi Minh City,1
Boeing 787-9,Madrid,1
Boeing 787-9,Milan,1
Boeing 787-9,Nairobi,1
Boeing 787-9,Oslo,1
Boeing 787-9,Phuket,1
Boeing 787-9,Stockholm,1
Boeing 787-9 /  A350-1000,Copenhagen,1
Boeing 787-9 / A330-300,Düsseldorf,1
Boeing 787-9 / A350-9,Hanoi,1
Boeing 787-9 / A350-900,Singapore,1
Boeing 787-9 and Boeing 777 ER,Jakarta,1
Boeing 787-900,Hong Kong,1
Boeing 787-900,Madrid,1
Boeing 787/777,Copenhagen,1
Boeing 787/A359,Bangkok,1
Boeing 788 / A320 / Boeing 772,Tokyo,1
Boeing 788 / A359,Stockholm,1
Boeing 788 / A380,Warsaw,1
Boeing 788 / Boeing 773ER,Frankfurt,1
Boeing 789 / 773,Düsseldorf,1
Boeing 789 / A380,Munich,1
Boeing-777 / 787,Milan,1
Boeing777 / A319,Bangalore,1
Boieng 777-300ER,Belgrade,1
Old,Atlanta,1
QR-1303,Doha,1
QR0507,Thiruvananthapuram,1
QR713,Dar es Salaam,1
QR723,Doha,1
airbus,Barcelona,1
